Enforcer,Num_Properties,Total_Time(s)
LE_Parallel,1,1.2725446224212646
Strict_Parallel,1,0.0
Exclusive_Parallel,1,0.027043581008911133
LE_Parallel,2,2.5339183807373047
Strict_Parallel,2,0.0
Exclusive_Parallel,2,0.031816720962524414
LE_Parallel,4,6.014537334442139
Strict_Parallel,4,0.0
Exclusive_Parallel,4,0.03925514221191406
LE_Parallel,8,12.249619722366333
Strict_Parallel,8,0.002020597457885742
Exclusive_Parallel,8,0.03179121017456055
